ensembl_gene_id,external_gene_name,ensembl_peptide_id,uniprotswissprot,chromosome_name,band
ENSG00000099917,MED15,ENSP00000407742,,22,q11.21
ENSG00000211667,IGLV3-12,ENSP00000374848,A0A075B6K2,22,q11.22
ENSG00000211668,IGLV2-11,ENSP00000374849,P01706,22,q11.22
ENSG00000099985,OSM,ENSP00000215781,P13725,22,q12.2
ENSG00000100365,NCF4,ENSP00000414958,,22,q12.3
ENSG00000100346,CACNA1I,ENSP00000385680,Q9P0X4,22,q13.1
ENSG00000175329,ISX,ENSP00000386037,Q2M1V0,22,q12.3
ENSG00000176177,ENTHD1,ENSP00000317431,Q8IYW4,22,q13.1
ENSG00000128342,LIF,ENSP00000249075,P15018,22,q12.2
ENSG00000100307,CBX7,ENSP00000216133,O95931,22,q13.1
ENSG00000100344,PNPLA3,ENSP00000216180,Q9NST1,22,q13.31
ENSG00000186976,EFCAB6,ENSP00000379533,Q5THR3,22,q13.31
ENSG00000054611,TBC1D22A,ENSP00000336724,Q8WUA7,22,q13.31
ENSG00000100316,RPL3,ENSP00000386101,,22,q13.1
ENSG00000075218,GTSE1,ENSP00000415430,Q9NYZ3,22,q13.31
ENSG00000100347,SAMM50,ENSP00000345445,Q9Y512,22,q13.31
ENSG00000075234,TTC38,ENSP00000391236,,22,q13.31
ENSG00000100106,TRIOBP,ENSP00000496394,Q9H2D6,22,q13.1
ENSG00000198355,PIM3,ENSP00000353824,Q86V86,22,q13.33
ENSG00000205593,DENND6B,ENSP00000391524,Q8NEG7,22,q13.33
ENSG00000100422,CERK,ENSP00000216264,Q8TCT0,22,q13.31
ENSG00000100239,PPP6R2,ENSP00000352051,O75170,22,q13.33
ENSG00000188636,RTL6,ENSP00000340434,Q6ICC9,22,q13.31
ENSG00000100362,PVALB,ENSP00000400247,P20472,22,q12.3
ENSG00000100321,SYNGR1,ENSP00000318845,O43759,22,q13.1
ENSG00000100311,PDGFB,ENSP00000330382,P01127,22,q13.1
ENSG00000186732,MPPED1,ENSP00000388137,O15442,22,q13.2
ENSG00000130943,PKDREJ,ENSP00000253255,Q9NTG1,22,q13.31
ENSG00000100124,ANKRD54,ENSP00000215941,Q6NXT1,22,q13.1
ENSG00000100300,TSPO,ENSP00000338004,P30536,22,q13.2
ENSG00000138944,SHISAL1,ENSP00000370568,Q3SXP7,22,q13.31
ENSG00000183579,ZNRF3,ENSP00000443824,Q9ULT6,22,q12.1
ENSG00000128276,RFPL3,ENSP00000380609,O75679,22,q12.3
ENSG00000100220,RTCB,ENSP00000216038,Q9Y3I0,22,q12.3
ENSG00000128245,YWHAH,ENSP00000408468,,22,q12.3
ENSG00000128203,ASPHD2,ENSP00000215906,Q6ICH7,22,q12.1
ENSG00000100104,SRRD,ENSP00000215917,Q9UH36,22,q12.1
ENSG00000100109,TFIP11,ENSP00000480171,Q9UBB9,22,q12.1
ENSG00000100122,CRYBB1,ENSP00000497249,P53674,22,q12.1
ENSG00000196431,CRYBA4,ENSP00000346805,P53673,22,q12.1
ENSG00000133466,C1QTNF6,ENSP00000338812,Q9BXI9,22,q12.3
ENSG00000278195,SSTR3,ENSP00000480971,P32745,22,q13.1
ENSG00000187045,TMPRSS6,ENSP00000334962,Q8IU80,22,q12.3
ENSG00000100014,SPECC1L,ENSP00000393363,Q69YQ0,22,q11.23
ENSG00000258555,SPECC1L-ADORA2A,ENSP00000351480,,22,q11.23
ENSG00000128271,ADORA2A,ENSP00000404497,,22,q11.23
ENSG00000100024,UPB1,ENSP00000400684,,22,q11.23
ENSG00000100028,SNRPD3,ENSP00000215829,P62318,22,q11.23
ENSG00000286070,,ENSP00000499210,,22,q11.23
ENSG00000178026,LRRC75B,ENSP00000400102,,22,q11.23
ENSG00000100031,GGT1,ENSP00000415129,,22,q11.23
ENSG00000219438,TAFA5,ENSP00000383933,Q7Z5A7,22,q13.32
ENSG00000100030,MAPK1,ENSP00000215832,P28482,22,q11.22
ENSG00000100330,MTMR3,ENSP00000384651,Q13615,22,q12.2
ENSG00000133454,MYO18B,ENSP00000441229,Q8IUG5,22,q12.1
ENSG00000100359,SGSM3,ENSP00000399249,,22,q13.1
ENSG00000133422,MORC2,ENSP00000380763,Q9Y6X9,22,q12.2
ENSG00000183628,DGCR6,ENSP00000402409,,22,q11.21
ENSG00000100246,DNAL4,ENSP00000216068,O96015,22,q13.1
ENSG00000183741,CBX6,ENSP00000384490,O95503,22,q13.1
ENSG00000179750,APOBEC3B,ENSP00000385068,Q9UH17,22,q13.1
ENSG00000244509,APOBEC3C,ENSP00000355340,Q9NRW3,22,q13.1
ENSG00000128394,APOBEC3F,ENSP00000370977,Q8IUX4,22,q13.1
ENSG00000239713,APOBEC3G,ENSP00000385057,Q9HC16,22,q13.1
ENSG00000100324,TAB1,ENSP00000216160,Q15750,22,q13.1
ENSG00000128268,MGAT3,ENSP00000345270,Q09327,22,q13.1
ENSG00000100335,MIEF1,ENSP00000385110,,22,q13.1
ENSG00000187051,RPS19BP1,ENSP00000333948,Q86WX3,22,q13.1
ENSG00000182902,SLC25A18,ENSP00000382710,Q9H1K4,22,q11.21
ENSG00000131100,ATP6V1E1,ENSP00000253413,P36543,22,q11.21
ENSG00000099968,BCL2L13,ENSP00000382682,Q9BXK5,22,q11.21
ENSG00000243156,MICAL3,ENSP00000416015,Q7RTP6,22,q11.21
ENSG00000100312,ACR,ENSP00000216139,P10323,22,q13.33
ENSG00000100416,TRMU,ENSP00000393014,,22,q13.31
ENSG00000075240,GRAMD4,ENSP00000409784,,22,q13.31
ENSG00000075275,CELSR1,ENSP00000262738,Q9NYQ6,22,q13.31
ENSG00000015475,BID,ENSP00000318822,P55957,22,q11.21
ENSG00000188677,PARVB,ENSP00000384515,Q9HBI1,22,q13.31
ENSG00000100403,ZC3H7B,ENSP00000345793,Q9UGR2,22,q13.2
ENSG00000167074,TEF,ENSP00000385256,Q10587,22,q13.2
ENSG00000100410,PHF5A,ENSP00000216252,Q7RTV0,22,q13.2
ENSG00000100413,POLR3H,ENSP00000347345,Q9Y535,22,q13.2
ENSG00000100417,PMM1,ENSP00000216259,Q92871,22,q13.2
ENSG00000100418,DESI1,ENSP00000263256,Q6ICB0,22,q13.2
ENSG00000196419,XRCC6,ENSP00000403679,,22,q13.2
ENSG00000100138,SNU13,ENSP00000383949,P55769,22,q13.2
ENSG00000100209,HSCB,ENSP00000216027,Q8IWL3,22,q12.1
ENSG00000093010,COMT,ENSP00000503719,P21964,22,q11.21
ENSG00000099889,ARVCF,ENSP00000263207,O00192,22,q11.21
ENSG00000183597,TANGO2,ENSP00000385662,Q6ICL3,22,q11.21
ENSG00000099904,ZDHHC8,ENSP00000412807,,22,q11.21
ENSG00000234409,CCDC188,ENSP00000409542,H7C350,22,q11.21
ENSG00000100084,HIRA,ENSP00000345350,P54198,22,q11.21
ENSG00000070010,UFD1,ENSP00000263202,Q92890,22,q11.21
ENSG00000093009,CDC45,ENSP00000385240,,22,q11.21
ENSG00000184702,SEPTIN5,ENSP00000391311,Q99719,22,q11.21
ENSG00000203618,GP1BB,ENSP00000383382,P13224,22,q11.21
ENSG00000185838,GNB1L,ENSP00000331313,Q9BYB4,22,q11.21
ENSG00000040608,RTN4R,ENSP00000396872,,22,q11.21
ENSG00000128185,DGCR6L,ENSP00000248879,Q9BY27,22,q11.21
ENSG00000184470,TXNRD2,ENSP00000383362,,22,q11.21
ENSG00000073150,PANX2,ENSP00000159647,Q96RD6,22,q13.33
ENSG00000170638,TRABD,ENSP00000370295,Q9H4I3,22,q13.33
ENSG00000188130,MAPK12,ENSP00000215659,P53778,22,q13.33
ENSG00000185386,MAPK11,ENSP00000333685,Q15759,22,q13.33
ENSG00000242259,C22orf39,ENSP00000424903,,22,q11.21
ENSG00000167077,MEI1,ENSP00000384115,Q5TIA1,22,q13.2
ENSG00000159958,TNFRSF13C,ENSP00000291232,Q96RJ3,22,q13.2
ENSG00000198951,NAGA,ENSP00000379680,P17050,22,q13.2
ENSG00000177096,PHETA2,ENSP00000312753,Q6ICB4,22,q13.2
ENSG00000100147,CCDC134,ENSP00000385803,,22,q13.2
ENSG00000100281,HMGXB4,ENSP00000401658,,22,q12.3
ENSG00000100297,MCM5,ENSP00000412847,,22,q12.3
ENSG00000100292,HMOX1,ENSP00000413316,,22,q12.3
ENSG00000138867,GUCD1,ENSP00000479370,,22,q11.23
ENSG00000166862,CACNG2,ENSP00000300105,Q9Y698,22,q12.3
ENSG00000100191,SLC5A4,ENSP00000266086,Q9NY91,22,q12.3
ENSG00000133424,LARGE1,ENSP00000476866,,22,q12.3
ENSG00000100298,APOBEC3H,ENSP00000216123,Q6NTF7,22,q13.1
ENSG00000185264,CIMIP4,ENSP00000406640,,22,q12.3
ENSG00000128346,C22orf23,ENSP00000384667,Q9BZE7,22,q13.1
ENSG00000100142,POLR2F,ENSP00000475257,,22,q13.1
ENSG00000100151,PICK1,ENSP00000416487,,22,q13.1
ENSG00000128298,BAIAP2L2,ENSP00000328876,,22,q13.1
ENSG00000161179,YDJC,ENSP00000292778,A8MPS7,22,q11.21
ENSG00000161180,CCDC116,ENSP00000476296,Q8IYX3,22,q11.21
ENSG00000128228,SDF2L1,ENSP00000248958,Q9HCN8,22,q11.21
ENSG00000100023,PPIL2,ENSP00000506542,Q13356,22,q11.21
ENSG00000100027,YPEL1,ENSP00000342832,O60688,22,q11.22
ENSG00000185252,ZNF74,ENSP00000483077,Q16587,22,q11.21
ENSG00000099910,KLHL22,ENSP00000331682,Q53GT1,22,q11.21
ENSG00000133433,GSTT2B,ENSP00000290765,P0CG30,22,q11.23
ENSG00000099974,DDTL,ENSP00000215770,A6NHG4,22,q11.23
ENSG00000099991,CABIN1,ENSP00000394209,,22,q11.23
ENSG00000183762,KREMEN1,ENSP00000383189,Q96MU8,22,q12.1
ENSG00000186998,EMID1,ENSP00000335481,Q96A84,22,q12.2
ENSG00000100263,RHBDD3,ENSP00000216085,Q9Y3P4,22,q12.2
ENSG00000100276,RASL10A,ENSP00000386095,Q92737,22,q12.2
ENSG00000100285,NEFH,ENSP00000311997,P12036,22,q12.2
ENSG00000100296,THOC5,ENSP00000420306,Q13769,22,q12.2
ENSG00000184117,NIPSNAP1,ENSP00000216121,Q9BPW8,22,q12.2
ENSG00000100314,CABP7,ENSP00000216144,Q86V35,22,q12.2
ENSG00000100319,ZMAT5,ENSP00000344241,Q9UDW3,22,q12.2
ENSG00000184076,UQCR10,ENSP00000332887,Q9UDW1,22,q12.2
ENSG00000239282,CASTOR1,ENSP00000384183,Q8WTX7,22,q12.2
ENSG00000099992,TBC1D10A,ENSP00000215790,Q9BXI6,22,q12.2
ENSG00000099995,SF3A1,ENSP00000215793,Q15459,22,q12.2
ENSG00000099999,RNF215,ENSP00000487588,,22,q12.2
ENSG00000100003,SEC14L2,ENSP00000387781,,22,q12.2
ENSG00000242114,MTFP1,ENSP00000487369,,22,q12.2
ENSG00000100012,SEC14L3,ENSP00000385941,,22,q12.2
ENSG00000133488,SEC14L4,ENSP00000255858,Q9UDX3,22,q12.2
ENSG00000128242,GAL3ST1,ENSP00000385825,Q99999,22,q12.2
ENSG00000100029,PES1,ENSP00000346725,O00541,22,q12.2
ENSG00000099958,DERL3,ENSP00000315303,Q96Q80,22,q11.23
ENSG00000240972,MIF,ENSP00000215754,P14174,22,q11.23
ENSG00000099994,SUSD2,ENSP00000351075,Q9UGT4,22,q11.23
ENSG00000100284,TOM1,ENSP00000476698,,22,q12.3
ENSG00000100216,TOMM22,ENSP00000216034,Q9NS69,22,q13.1
ENSG00000100427,MLC1,ENSP00000379216,Q15049,22,q13.33
ENSG00000196576,PLXNB2,ENSP00000409171,O15031,22,q13.33
ENSG00000100056,ESS2,ENSP00000252137,Q96DF8,22,q11.21
ENSG00000206203,TSSK2,ENSP00000382544,Q96PF2,22,q11.21
ENSG00000063515,GSC2,ENSP00000086933,O15499,22,q11.21
ENSG00000100075,SLC25A1,ENSP00000215882,P53007,22,q11.21
ENSG00000183785,TUBA8,ENSP00000505896,,22,q11.21
ENSG00000239900,ADSL,ENSP00000485288,,22,q13.1
ENSG00000100218,RSPH14,ENSP00000216036,Q9UHP6,22,q11.23
ENSG00000128266,GNAZ,ENSP00000478892,P19086,22,q11.22
ENSG00000186716,BCR,ENSP00000352535,P11274,22,q11.23
ENSG00000100116,GCAT,ENSP00000371110,O75600,22,q13.1
ENSG00000128310,GALR3,ENSP00000249041,O60755,22,q13.1
ENSG00000100129,EIF3L,ENSP00000416892,,22,q13.1
ENSG00000100139,MICALL1,ENSP00000406053,,22,q13.1
ENSG00000100412,ACO2,ENSP00000503371,,22,q13.2
ENSG00000100280,AP1B1,ENSP00000350199,Q10567,22,q12.2
ENSG00000185608,MRPL40,ENSP00000333401,Q9NQ50,22,q11.21
ENSG00000100033,PRODH,ENSP00000480347,,22,q11.21
ENSG00000243811,APOBEC3D,ENSP00000388017,,22,q13.1
ENSG00000215193,PEX26,ENSP00000331106,Q7Z412,22,q11.21
ENSG00000099937,SERPIND1,ENSP00000215727,P05546,22,q11.21
ENSG00000099940,SNAP29,ENSP00000215730,O95721,22,q11.21
ENSG00000099942,CRKL,ENSP00000346300,P46109,22,q11.21
ENSG00000184436,THAP7,ENSP00000215742,Q9BT49,22,q11.21
ENSG00000100207,TCF20,ENSP00000503828,Q9UGU0,22,q13.2
ENSG00000100336,APOL4,ENSP00000507418,Q9BPW4,22,q12.3
ENSG00000099954,CECR2,ENSP00000383428,,22,q11.1
ENSG00000183773,AIFM3,ENSP00000382120,Q96NN9,22,q11.21
ENSG00000100258,LMF2,ENSP00000424381,Q9BU23,22,q13.33
ENSG00000025770,NCAPH2,ENSP00000410088,Q6IBW4,22,q13.33
ENSG00000284194,SCO2,ENSP00000379046,O43819,22,q13.33
ENSG00000025708,TYMP,ENSP00000498433,,22,q13.33
ENSG00000130487,KLHDC7B,ENSP00000497256,,22,q13.33
ENSG00000217442,SYCE3,ENSP00000385480,A1L190,22,q13.33
ENSG00000254413,CHKB-CPT1B,ENSP00000457031,,22,q13.33
ENSG00000100288,CHKB,ENSP00000384400,Q9Y259,22,q13.33
ENSG00000008735,MAPK8IP2,ENSP00000330572,Q13387,22,q13.33
ENSG00000100299,ARSA,ENSP00000477013,,22,q13.33
ENSG00000206140,TMEM191C,ENSP00000489661,,22,q11.21
ENSG00000100228,RAB36,ENSP00000263116,O95755,22,q11.23
ENSG00000189060,H1-0,ENSP00000344504,P07305,22,q13.1
ENSG00000184113,CLDN5,ENSP00000385477,,22,q11.21
ENSG00000184949,FAM227A,ENSP00000445093,F5H4B4,22,q13.1
ENSG00000183246,RIMBP3C,ENSP00000390630,A6NJZ7,22,q11.21
ENSG00000100249,C22orf31,ENSP00000216071,O95567,22,q12.1
ENSG00000100034,PPM1F,ENSP00000263212,P49593,22,q11.22
ENSG00000100038,TOP3B,ENSP00000349705,O95985,22,q11.22
ENSG00000211637,IGLV4-69,ENSP00000374817,A0A075B6H9,22,q11.22
ENSG00000211642,IGLV10-54,ENSP00000374822,A0A075B6I4,22,q11.22
ENSG00000211638,IGLV8-61,ENSP00000374818,A0A075B6I0,22,q11.22
ENSG00000211639,IGLV4-60,ENSP00000374819,A0A075B6I1,22,q11.22
ENSG00000211640,IGLV6-57,ENSP00000374820,P01721,22,q11.22
ENSG00000211641,IGLV11-55,ENSP00000374821,A0A075B6I3,22,q11.22
ENSG00000211643,IGLV5-52,ENSP00000374824,A0A0A0MRZ9,22,q11.22
ENSG00000211644,IGLV1-51,ENSP00000374825,P01701,22,q11.22
ENSG00000211645,IGLV1-50,ENSP00000374826,A0A075B6I6,22,q11.22
ENSG00000223350,IGLV9-49,ENSP00000414456,A0A0B4J1Y8,22,q11.22
ENSG00000211647,IGLV5-48,ENSP00000374828,A0A075B6I7,22,q11.22
ENSG00000211648,IGLV1-47,ENSP00000374829,P01700,22,q11.22
ENSG00000211649,IGLV7-46,ENSP00000374830,A0A075B6I9,22,q11.22
ENSG00000211650,IGLV5-45,ENSP00000374831,A0A087WSX0,22,q11.22
ENSG00000211651,IGLV1-44,ENSP00000374832,P01699,22,q11.22
ENSG00000211652,IGLV7-43,ENSP00000374833,P04211,22,q11.22
ENSG00000211653,IGLV1-40,ENSP00000374834,P01703,22,q11.22
ENSG00000211654,IGLV5-37,ENSP00000374835,A0A075B6J1,22,q11.22
ENSG00000211655,IGLV1-36,ENSP00000374836,A0A0B4J1U3,22,q11.22
ENSG00000187860,CCDC157,ENSP00000382720,,22,q12.2
ENSG00000177989,CIMAP1B,ENSP00000384310,,22,q13.33
ENSG00000234965,SHISA8,ENSP00000481203,B8ZZ34,22,q13.2
ENSG00000100221,JOSD1,ENSP00000216039,Q15040,22,q13.1
ENSG00000130540,SULT4A1,ENSP00000332565,Q9BR01,22,q13.31
ENSG00000100341,PNPLA5,ENSP00000216177,Q7Z6Z6,22,q13.31
ENSG00000100345,MYH9,ENSP00000216181,P35579,22,q12.3
ENSG00000100302,RASD2,ENSP00000216127,Q96D21,22,q12.3
ENSG00000198125,MB,ENSP00000386060,,22,q12.3
ENSG00000221963,APOL6,ENSP00000386280,Q9BWW8,22,q12.3
ENSG00000128313,APOL5,ENSP00000249044,Q9BWW9,22,q12.3
ENSG00000128335,APOL2,ENSP00000351292,Q9BQE5,22,q12.3
ENSG00000214491,SEC14L6,ENSP00000385695,B5MCN3,22,q12.2
ENSG00000197077,KIAA1671,ENSP00000351207,Q9BY89,22,q11.23
ENSG00000100053,CRYBB3,ENSP00000215855,P26998,22,q11.23
ENSG00000244752,CRYBB2,ENSP00000498905,P43320,22,q11.23
ENSG00000100368,CSF2RB,ENSP00000384053,P32927,22,q12.3
ENSG00000100077,GRK3,ENSP00000317578,P35626,22,q12.1
ENSG00000100206,DMC1,ENSP00000216024,Q14565,22,q13.1
ENSG00000073169,SELENOO,ENSP00000370288,Q9BVL4,22,q13.33
ENSG00000159307,SCUBE1,ENSP00000354080,Q8IWY4,22,q13.2
ENSG00000244486,SCARF2,ENSP00000477564,Q96GP6,22,q11.21
ENSG00000130538,OR11H1,ENSP00000495403,,22,q11.1
ENSG00000133460,SLC2A11,ENSP00000342542,Q9BYW1,22,q11.23
ENSG00000100154,TTC28,ENSP00000381003,Q96AY4,22,q12.1
ENSG00000276950,GSTT4,ENSP00000492640,,22,q11.23
ENSG00000184459,BPIFC,ENSP00000380594,Q8NFQ6,22,q12.3
ENSG00000100379,KCTD17,ENSP00000384391,Q8N5Z5,22,q12.3
ENSG00000128165,ADM2,ENSP00000379086,Q7Z4H4,22,q13.33
ENSG00000100253,MIOX,ENSP00000379082,Q9UGB7,22,q13.33
ENSG00000100241,SBF1,ENSP00000510414,O95248,22,q13.33
ENSG00000205643,CDPF1,ENSP00000384451,,22,q13.31
ENSG00000183569,SERHL2,ENSP00000395860,,22,q13.2
ENSG00000249222,ATP5MGL,ENSP00000421076,Q7Z4Y8,22,q13.2
ENSG00000128274,A4GALT,ENSP00000384794,Q9NPC4,22,q13.2
ENSG00000242247,ARFGAP3,ENSP00000263245,Q9NP61,22,q13.2
ENSG00000100243,CYB5R3,ENSP00000508815,,22,q13.2
ENSG00000100348,TXN2,ENSP00000469160,,22,q12.3
ENSG00000100350,FOXRED2,ENSP00000380401,Q8IWF2,22,q12.3
ENSG00000100353,EIF3D,ENSP00000216190,O15371,22,q12.3
ENSG00000100242,SUN2,ENSP00000508791,,22,q13.1
ENSG00000184571,PIWIL3,ENSP00000330031,Q7Z3Z3,22,q11.23
ENSG00000128253,RFPL2,ENSP00000248983,O75678,22,q12.3
ENSG00000099957,P2RX6,ENSP00000416193,O15547,22,q11.21
ENSG00000100156,SLC16A8,ENSP00000321735,O95907,22,q13.1
ENSG00000183307,TMEM121B,ENSP00000329318,Q9BXQ6,22,q11.1
ENSG00000177663,IL17RA,ENSP00000511612,,22,q11.1
ENSG00000069998,HDHD5,ENSP00000155674,Q9BXW7,22,q11.1
ENSG00000100211,CBY1,ENSP00000216029,Q9Y3M2,22,q13.1
ENSG00000100320,RBFOX2,ENSP00000384944,O43251,22,q12.3
ENSG00000099998,GGT5,ENSP00000263112,P36269,22,q11.23
ENSG00000188263,IL17REL,ENSP00000374633,,22,q13.33
ENSG00000185651,UBE2L3,ENSP00000400906,P68036,22,q11.21
ENSG00000093072,ADA2,ENSP00000512486,,22,q11.1
ENSG00000128322,IGLL1,ENSP00000249053,P15814,22,q11.23
ENSG00000187905,LRRC74B,ENSP00000394078,Q6ZQY2,22,q11.21
ENSG00000100227,POLDIP3,ENSP00000415234,,22,q13.2
ENSG00000241973,PI4KA,ENSP00000255882,P42356,22,q11.21
ENSG00000169635,HIC2,ENSP00000385319,Q96JB3,22,q11.21
ENSG00000100351,GRAP2,ENSP00000339186,O75791,22,q13.1
ENSG00000225528,TMA7B,ENSP00000491117,A0A024R1R8,22,q13.1
ENSG00000286025,FAM246C,ENSP00000513435,,22,q11.21
ENSG00000235568,NFAM1,ENSP00000333680,Q8NET5,22,q13.2
ENSG00000275004,ZNF280B,ENSP00000485750,Q86YH2,22,q11.22
ENSG00000169548,ZNF280A,ENSP00000302855,P59817,22,q11.22
ENSG00000185686,PRAME,ENSP00000384343,P78395,22,q11.22
ENSG00000211656,IGLV2-33,ENSP00000374837,A0A075B6J2,22,q11.22
ENSG00000211657,IGLV3-32,ENSP00000374838,A0A0A0MS00,22,q11.22
ENSG00000100121,GGTLC2,ENSP00000415676,Q14390,22,q11.22
ENSG00000211658,IGLV3-27,ENSP00000374839,P01718,22,q11.22
ENSG00000211659,IGLV3-25,ENSP00000374840,P01717,22,q11.22
ENSG00000211660,IGLV2-23,ENSP00000374841,P01705,22,q11.22
ENSG00000211661,IGLV3-22,ENSP00000374842,A0A075B6J6,22,q11.22
ENSG00000211662,IGLV3-21,ENSP00000374843,P80748,22,q11.22
ENSG00000211663,IGLV3-19,ENSP00000374844,P01714,22,q11.22
ENSG00000211664,IGLV2-18,ENSP00000374845,A0A075B6J9,22,q11.22
ENSG00000211665,IGLV3-16,ENSP00000374846,A0A075B6K0,22,q11.22
ENSG00000211666,IGLV2-14,ENSP00000374847,P01704,22,q11.22
ENSG00000100226,GTPBP1,ENSP00000442881,,22,q13.1
ENSG00000250479,CHCHD10,ENSP00000430042,,22,q11.23
ENSG00000099953,MMP11,ENSP00000215743,P24347,22,q11.23
ENSG00000100325,ASCC2,ENSP00000437570,Q9H1I8,22,q12.2
ENSG00000100395,L3MBTL2,ENSP00000216237,Q969R5,22,q13.2
ENSG00000100399,CHADL,ENSP00000392046,,22,q13.2
ENSG00000100146,SOX10,ENSP00000498686,,22,q13.1
ENSG00000185022,MAFF,ENSP00000442060,Q9ULX9,22,q13.1
ENSG00000198792,TMEM184B,ENSP00000355210,Q9Y519,22,q13.1
ENSG00000213923,CSNK1E,ENSP00000380044,P49674,22,q13.1
ENSG00000100036,SLC35E4,ENSP00000339626,Q6ICL7,22,q12.2
ENSG00000167065,DUSP18,ENSP00000414825,,22,q12.2
ENSG00000185339,TCN2,ENSP00000394184,,22,q12.2
ENSG00000128285,MCHR1,ENSP00000370841,,22,q13.2
ENSG00000253352,TUG1,ENSP00000501406,A0A6I8PU40,22,q12.2
ENSG00000100099,HPS4,ENSP00000514220,,22,q12.1
ENSG00000100092,SH3BP1,ENSP00000411979,Q9Y3L3,22,q13.1
ENSG00000100097,LGALS1,ENSP00000215909,P09382,22,q13.1
ENSG00000273899,NOL12,ENSP00000403059,Q9UGY1,22,q13.1
ENSG00000184381,PLA2G6,ENSP00000499712,O60733,22,q13.1
ENSG00000283900,TPTEP2-CSNK1E,ENSP00000383067,,22,q13.1
ENSG00000168135,KCNJ4,ENSP00000306497,P48050,22,q13.1
ENSG00000100196,KDELR3,ENSP00000386918,O43731,22,q13.1
ENSG00000100201,DDX17,ENSP00000385536,Q92841,22,q13.1
ENSG00000128311,TST,ENSP00000385828,Q16762,22,q12.3
ENSG00000166897,ELFN2,ENSP00000385277,Q5R3F8,22,q13.1
ENSG00000100060,MFNG,ENSP00000349490,O00587,22,q13.1
ENSG00000100065,CARD10,ENSP00000251973,Q9BWT7,22,q13.1
ENSG00000128283,CDC42EP1,ENSP00000411682,,22,q13.1
ENSG00000100079,LGALS2,ENSP00000215886,P05162,22,q13.1
ENSG00000138892,TTLL8,ENSP00000392252,,22,q13.33
ENSG00000128340,RAC2,ENSP00000249071,P15153,22,q13.1
ENSG00000100342,APOL1,ENSP00000388477,O14791,22,q12.3
ENSG00000185340,GAS2L1,ENSP00000478908,,22,q12.2
ENSG00000274600,RIMBP3B,ENSP00000479326,A6NNM3,22,q11.21
ENSG00000286102,FAM246A,ENSP00000498770,A0A494C0Y3,22,q11.21
ENSG00000196588,MRTFA,ENSP00000498277,,22,q13.2
ENSG00000184058,TBX1,ENSP00000331791,O43435,22,q11.21
ENSG00000099949,LZTR1,ENSP00000397247,,22,q11.21
ENSG00000180957,PITPNB,ENSP00000334738,P48739,22,q12.1
ENSG00000169184,MN1,ENSP00000304956,Q10571,22,q12.1
ENSG00000099984,GSTT2,ENSP00000385765,,22,q11.23
ENSG00000100387,RBX1,ENSP00000216225,P62877,22,q13.2
ENSG00000099956,SMARCB1,ENSP00000383984,Q12824,22,q11.23
ENSG00000198062,POTEH,ENSP00000340610,Q6S545,22,q11.1
ENSG00000211669,IGLV3-10,ENSP00000374850,A0A075B6K4,22,q11.22
ENSG00000211670,IGLV3-9,ENSP00000374851,A0A075B6K5,22,q11.22
ENSG00000278196,IGLV2-8,ENSP00000482937,P01709,22,q11.22
ENSG00000211672,IGLV4-3,ENSP00000374853,A0A075B6K6,22,q11.22
ENSG00000211673,IGLV3-1,ENSP00000374854,P01715,22,q11.22
ENSG00000254709,IGLL5,ENSP00000436353,,22,q11.22
ENSG00000211674,IGLJ1,ENSP00000417505,A0A0A0MT76,22,q11.22
ENSG00000211675,IGLC1,ENSP00000374855,,22,q11.22
ENSG00000211676,IGLJ2,ENSP00000418274,,22,q11.22
ENSG00000211677,IGLC2,ENSP00000374856,P0DOY2,22,q11.22
ENSG00000211678,IGLJ3,ENSP00000419781,,22,q11.22
ENSG00000211679,IGLC3,ENSP00000374857,P0DOY3,22,q11.22
ENSG00000211680,IGLJ4,ENSP00000419997,,22,q11.22
ENSG00000211681,IGLJ5,ENSP00000418818,,22,q11.22
ENSG00000211682,IGLJ6,ENSP00000419267,,22,q11.22
ENSG00000211684,IGLJ7,ENSP00000419233,,22,q11.22
ENSG00000211685,IGLC7,ENSP00000374859,,22,q11.22
ENSG00000099977,DDT,ENSP00000215773,P30046,22,q11.23
ENSG00000099899,TRMT2A,ENSP00000252136,Q8IZ69,22,q11.21
ENSG00000100401,RANGAP1,ENSP00000348577,P46060,22,q13.2
ENSG00000128294,TPST2,ENSP00000339813,O60704,22,q12.1
ENSG00000274252,GGTLC3,ENSP00000477856,B5MD39,22,q11.21
ENSG00000275793,RIMBP3,ENSP00000483386,Q9UFD9,22,q11.21
ENSG00000286175,FAM246B,ENSP00000498626,A0A494C0N9,22,q11.21
ENSG00000099960,SLC7A4,ENSP00000384278,O43246,22,q11.21
ENSG00000159496,RGL4,ENSP00000396252,,22,q11.23
ENSG00000187792,ZNF70,ENSP00000339314,Q9UC06,22,q11.23
ENSG00000128218,VPREB3,ENSP00000381483,,22,q11.23
ENSG00000169314,C22orf15,ENSP00000384965,Q8WYQ4,22,q11.23
ENSG00000182944,EWSR1,ENSP00000416171,,22,q12.2
ENSG00000100364,KIAA0930,ENSP00000336720,Q6ICG6,22,q13.31
ENSG00000100373,UPK3A,ENSP00000216211,O75631,22,q13.31
ENSG00000100376,FAM118A,ENSP00000216214,Q9NWS6,22,q13.31
ENSG00000077935,SMC1B,ENSP00000350036,Q8NDV3,22,q13.31
ENSG00000128408,RIBC2,ENSP00000483356,Q9H4K1,22,q13.31
ENSG00000077942,FBLN1,ENSP00000415289,,22,q13.31
ENSG00000172346,CSDC2,ENSP00000302485,Q9Y534,22,q13.2
ENSG00000205856,C22orf42,ENSP00000371529,Q6IC83,22,q12.3
ENSG00000241360,PDXP,ENSP00000215904,Q96GD0,22,q13.1
ENSG00000159873,CCDC117,ENSP00000387827,Q8IWD4,22,q12.1
ENSG00000167037,SGSM1,ENSP00000484682,,22,q11.23
ENSG00000128250,RFPL1,ENSP00000346342,O75677,22,q12.2
ENSG00000070371,CLTCL1,ENSP00000485020,P53675,22,q11.21
ENSG00000128191,DGCR8,ENSP00000516052,,22,q11.21
ENSG00000183963,SMTN,ENSP00000398663,,22,q12.2
ENSG00000198832,SELENOM,ENSP00000384564,Q8WWX9,22,q12.2
ENSG00000100078,PLA2G3,ENSP00000215885,Q9NZ20,22,q12.2
ENSG00000138942,RNF185,ENSP00000320508,Q96GF1,22,q12.2
ENSG00000182541,LIMK2,ENSP00000384602,,22,q12.2
ENSG00000215012,RTL10,ENSP00000386111,Q7L3V2,22,q11.21
ENSG00000100167,SEPTIN3,ENSP00000494051,,22,q13.2
ENSG00000100150,DEPDC5,ENSP00000440210,O75140,22,q12.2
ENSG00000100170,SLC5A1,ENSP00000266088,P13866,22,q12.3
ENSG00000100225,FBXO7,ENSP00000406155,,22,q12.3
ENSG00000100234,TIMP3,ENSP00000266085,P35625,22,q12.3
ENSG00000185666,SYN3,ENSP00000351614,O14994,22,q12.3
ENSG00000189269,DRICH1,ENSP00000316137,Q6PGQ1,22,q11.23
ENSG00000093000,NUP50,ENSP00000345895,Q9UKX7,22,q13.31
ENSG00000130638,ATXN10,ENSP00000370449,Q9UBB4,22,q13.31
ENSG00000188064,WNT7B,ENSP00000341032,P56706,22,q13.31
ENSG00000128383,APOBEC3A,ENSP00000384359,P31941,22,q13.1
ENSG00000198911,SREBF2,ENSP00000354476,Q12772,22,q13.2
ENSG00000073146,MOV10L1,ENSP00000262794,Q9BXT6,22,q13.33
ENSG00000183765,CHEK2,ENSP00000416721,,22,q12.1
ENSG00000184983,NDUFA6,ENSP00000418842,P56556,22,q13.2
ENSG00000100197,CYP2D6,ENSP00000353241,,22,q13.2
ENSG00000205702,CYP2D7,ENSP00000445124,,22,q13.2
ENSG00000183172,SMDT1,ENSP00000402623,,22,q13.2
ENSG00000099901,RANBP1,ENSP00000390139,,22,q11.21
ENSG00000056487,PHF21B,ENSP00000385053,,22,q13.31
ENSG00000278558,TMEM191B,ENSP00000481358,P0C7N4,22,q11.21
ENSG00000184792,OSBP2,ENSP00000411052,Q969R2,22,q12.2
ENSG00000284130,TUBA3FP,ENSP00000516278,,22,q11.21
ENSG00000070413,DGCR2,ENSP00000440062,P98153,22,q11.21
ENSG00000285025,MIURF,ENSP00000490747,L0R8F8,22,q13.1
ENSG00000100219,XBP1,ENSP00000216037,P17861,22,q12.1
ENSG00000186575,NF2,ENSP00000519232,,22,q12.2
ENSG00000205704,SMIM45,ENSP00000518693,,22,q13.2
ENSG00000100429,HDAC10,ENSP00000397517,,22,q13.33
ENSG00000133477,FAM83F,ENSP00000330432,Q8NEG4,22,q13.1
ENSG00000100354,TNRC6B,ENSP00000306759,Q9UPQ9,22,q13.1
ENSG00000100100,PIK3IP1,ENSP00000215912,Q96FE7,22,q12.2
ENSG00000251322,SHANK3,ENSP00000501192,,22,q13.33
ENSG00000128309,MPST,ENSP00000384812,P25325,22,q12.3
ENSG00000186654,PRR5,ENSP00000479623,P85299,22,q13.31
ENSG00000248405,PRR5-ARHGAP8,ENSP00000354732,,22,q13.31
ENSG00000241484,ARHGAP8,ENSP00000374424,P85298,22,q13.31
ENSG00000100372,SLC25A17,ENSP00000263255,,22,q13.2
ENSG00000100380,ST13,ENSP00000216218,P50502,22,q13.2
ENSG00000196236,XPNPEP3,ENSP00000483752,,22,q13.2
ENSG00000172404,DNAJB7,ENSP00000307197,Q7Z6W7,22,q13.2
ENSG00000100105,PATZ1,ENSP00000266269,Q9HBE1,22,q12.2
ENSG00000185721,DRG1,ENSP00000329715,Q9Y295,22,q12.2
ENSG00000184708,EIF4ENIF1,ENSP00000342927,Q9NRA8,22,q12.2
ENSG00000198089,SFI1,ENSP00000443025,A8K8P3,22,q12.2
ENSG00000241878,PISD,ENSP00000371586,Q9UG56,22,q12.2
ENSG00000183530,PRR14L,ENSP00000332169,,22,q12.2
ENSG00000100095,SEZ6L,ENSP00000248933,Q9BYH1,22,q12.1
ENSG00000205560,CPT1B,ENSP00000385486,Q92523,22,q13.33
ENSG00000100360,IFT27,ENSP00000343593,Q9BW83,22,q12.3
ENSG00000169575,VPREB1,ENSP00000304590,,22,q11.22
ENSG00000206069,LHFPL7,ENSP00000492160,Q6ICI0,22,q11.23
ENSG00000138964,PARVG,ENSP00000391453,Q9HBI0,22,q13.31
ENSG00000100266,PACSIN2,ENSP00000422788,,22,q13.2
ENSG00000100271,TTLL1,ENSP00000266254,O95922,22,q13.2
ENSG00000100290,BIK,ENSP00000216115,Q13323,22,q13.2
ENSG00000100294,MCAT,ENSP00000290429,Q8IVS2,22,q13.2
ENSG00000100304,TTLL12,ENSP00000216129,Q14166,22,q13.2
ENSG00000185133,INPP5J,ENSP00000520436,,22,q12.2
ENSG00000079974,RABL2B,ENSP00000401906,Q9UNT1,22,q13.33
ENSG00000186951,PPARA,ENSP00000397291,,22,q13.31
ENSG00000183066,WBP2NL,ENSP00000389598,,22,q13.2
ENSG00000128159,TUBGCP6,ENSP00000405979,,22,q13.33
ENSG00000184979,USP18,ENSP00000514107,,22,q11.21
ENSG00000100083,GGA1,ENSP00000520500,,22,q13.1
ENSG00000100393,EP300,ENSP00000520505,,22,q13.2
ENSG00000100055,CYTH4,ENSP00000405442,,22,q13.1
ENSG00000176635,HORMAD2,ENSP00000336984,Q8N7B1,22,q12.2
ENSG00000198445,CCT8L2,ENSP00000353048,Q96SF2,22,q11.1
ENSG00000172967,XKR3,ENSP00000331704,Q5GH77,22,q11.1
ENSG00000215568,GAB4,ENSP00000383431,Q2WGN9,22,q11.1
ENSG00000100162,CENPM,ENSP00000520685,,22,q13.2
ENSG00000183864,TOB2,ENSP00000388549,,22,q13.2
ENSG00000189306,RRP7A,ENSP00000520815,,22,q13.2
ENSG00000221890,NPTXR,ENSP00000520822,,22,q13.1
ENSG00000100385,IL2RB,ENSP00000516411,,22,q12.3
ENSG00000100426,ZBED4,ENSP00000216268,O75132,22,q13.33
ENSG00000182858,ALG12,ENSP00000333813,Q9BV10,22,q13.33
ENSG00000184164,CRELD2,ENSP00000387769,,22,q13.33
ENSG00000100425,BRD1,ENSP00000388027,,22,q13.33
ENSG00000128284,APOL3,ENSP00000344577,O95236,22,q12.3
ENSG00000128272,ATF4,ENSP00000384587,P18848,22,q13.1
